name,link,upvotes,downvotes,year,order,total_votes,vote_diff,vote_diff_normalized,ratio,updated_order,inverse_order,bayes
Lost Cherry Tom Ford (unisex) ~ 2018,https://www.fragrantica.com/perfume/Tom-Ford/Lost-Cherry-51411.html,994,434,2018,1,1428,560,1.0,0.696078431372549,1.0,213.0,0.6864754098360656
L’Homme Idéal Eau de Parfum Guerlain (male) ~ 2016,https://www.fragrantica.com/perfume/Guerlain/L-Homme-Ideal-Eau-de-Parfum-37735.html,637,181,2016,2,818,456,0.8306188925081434,0.7787286063569682,2.0,212.0,0.7587822014051522
La Petite Robe Noire Guerlain (female) ~ 2012,https://www.fragrantica.com/perfume/Guerlain/La-Petite-Robe-Noire-14681.html,439,273,2012,3,712,166,0.3583061889250814,0.6165730337078652,3.0,211.0,0.6016042780748663
Rouge Smoking BDK Parfums (unisex) ~ 2018,https://www.fragrantica.com/perfume/BDK-Parfums/Rouge-Smoking-51468.html,405,241,2018,4,646,164,0.3550488599348534,0.6269349845201239,4.0,210.0,0.6099706744868035
Lovefest Burning Cherry | 48 Eau de Parfum Kayali Fragrances (unisex) ~ 2022,https://www.fragrantica.com/perfume/Kayali-Fragrances/Lovefest-Burning-Cherry-48-Eau-de-Parfum-75661.html,380,248,2022,5,628,132,0.30293159609120524,0.6050955414012739,5.0,209.0,0.588855421686747
Black Perfecto by La Petite Robe Noire Guerlain (female) ~ 2017,https://www.fragrantica.com/perfume/Guerlain/Black-Perfecto-by-La-Petite-Robe-Noire-45017.html,298,187,2017,6,485,111,0.2687296416938111,0.6144329896907217,6.0,208.0,0.5930902111324377
Cherry Punk Room 1015 (unisex) ~ 2020,https://www.fragrantica.com/perfume/Room-1015/Cherry-Punk-61264.html,225,170,2020,7,395,55,0.1775244299674267,0.569620253164557,7.0,207.0,0.5475638051044084
L'Interdit Eau de Parfum Rouge Givenchy (female) ~ 2021,https://www.fragrantica.com/perfume/Givenchy/L-Interdit-Eau-de-Parfum-Rouge-68404.html,248,248,2021,8,496,0,0.08794788273615635,0.5,8.0,206.0,0.4868421052631579
L'Homme Idéal Extrême Guerlain (male) ~ 2020,https://www.fragrantica.com/perfume/Guerlain/L-Homme-Ideal-Extreme-60284.html,140,76,2020,9,216,64,0.19218241042345277,0.6481481481481481,9.0,205.0,0.5992063492063492
Wet Cherry Liquor Bohoboco (unisex) ~ 2022,https://www.fragrantica.com/perfume/Bohoboco/Wet-Cherry-Liquor-74151.html,146,116,2022,10,262,30,0.13680781758957655,0.5572519083969466,10.0,204.0,0.5268456375838926
Herod Parfums de Marly (male) ~ 2012,https://www.fragrantica.com/perfume/Parfums-de-Marly/Herod-16939.html,141,107,2012,11,248,34,0.14332247557003258,0.5685483870967742,11.0,203.0,0.5352112676056338
Cherry Smoothie Zara (female) ~ 2022,https://www.fragrantica.com/perfume/Zara/Cherry-Smoothie-72492.html,183,204,2022,12,387,-21,0.05374592833876221,0.4728682170542636,12.0,202.0,0.458628841607565
Lolita Lempicka Lolita Lempicka (female) ~ 1997,https://www.fragrantica.com/perfume/Lolita-Lempicka/Lolita-Lempicka-456.html,128,105,1997,13,233,23,0.1254071661237785,0.5493562231759657,13.0,201.0,0.516728624535316
Cherry Oud Guerlain (unisex) ~ 2022,https://www.fragrantica.com/perfume/Guerlain/Cherry-Oud-76302.html,134,130,2022,14,264,4,0.09446254071661238,0.5075757575757576,14.0,200.0,0.48333333333333334
La Nuit Trésor Intense Lancôme (female) ~ 2022,https://www.fragrantica.com/perfume/Lancome/La-Nuit-Tresor-Intense-71512.html,140,161,2022,15,301,-21,0.05374592833876221,0.46511627906976744,15.0,199.0,0.44807121661721067
La Petite Robe Noire Eau de Parfum Intense Guerlain (female) ~ 2022,https://www.fragrantica.com/perfume/Guerlain/La-Petite-Robe-Noire-Eau-de-Parfum-Intense-75800.html,132,148,2022,16,280,-16,0.06188925081433225,0.4714285714285714,16.0,198.0,0.4525316455696203
Scandal By Night Jean Paul Gaultier (female) ~ 2018,https://www.fragrantica.com/perfume/Jean-Paul-Gaultier/Scandal-By-Night-50715.html,130,150,2018,17,280,-20,0.05537459283387622,0.4642857142857143,17.0,197.0,0.4462025316455696
A*Men Pure Havane Mugler (male) ~ 2011,https://www.fragrantica.com/perfume/Mugler/A-Men-Pure-Havane-11444.html,123,144,2011,18,267,-21,0.05374592833876221,0.4606741573033708,18.0,196.0,0.44224422442244227
La Petite Robe Noire Eau de Toilette Guerlain (female) ~ 2012,https://www.fragrantica.com/perfume/Guerlain/La-Petite-Robe-Noire-Eau-de-Toilette-17387.html,130,159,2012,19,289,-29,0.04071661237785016,0.44982698961937717,19.0,195.0,0.4338461538461538
Cherry in the Air Escada (female) ~ 2013,https://www.fragrantica.com/perfume/Escada/Cherry-in-the-Air-17129.html,110,119,2013,20,229,-9,0.07328990228013028,0.48034934497816595,20.0,194.0,0.45660377358490567
Angels' Share By Kilian (unisex) ~ 2020,https://www.fragrantica.com/perfume/By-Kilian/Angels-Share-62615.html,121,142,2020,21,263,-21,0.05374592833876221,0.4600760456273764,21.0,193.0,0.4414715719063545
Bodacious Boadicea the Victorious (unisex) ~ 2021,https://www.fragrantica.com/perfume/Boadicea-the-Victorious/Bodacious-70658.html,87,97,2021,22,184,-10,0.07166123778501629,0.47282608695652173,22.0,192.0,0.44545454545454544
Lolita Lempicka Le Parfum 2021 Lolita Lempicka (female) ~ 2021,https://www.fragrantica.com/perfume/Lolita-Lempicka/Lolita-Lempicka-Le-Parfum-2021-69011.html,108,141,2021,23,249,-33,0.03420195439739413,0.43373493975903615,23.0,191.0,0.41754385964912283
Dark Cherry & Amber Banana Republic (unisex) ~ 2019,https://www.fragrantica.com/perfume/Banana-Republic/Dark-Cherry-Amber-59392.html,72,79,2019,24,151,-7,0.0765472312703583,0.4768211920529801,24.0,190.0,0.44385026737967914
Prada Candy Gloss Prada (female) ~ 2017,https://www.fragrantica.com/perfume/Prada/Prada-Candy-Gloss-44534.html,103,141,2017,25,244,-38,0.026058631921824102,0.42213114754098363,25.0,189.0,0.40714285714285714
Musc Noir Rose For Her Narciso Rodriguez (female) ~ 2022,https://www.fragrantica.com/perfume/Narciso-Rodriguez/Musc-Noir-Rose-For-Her-71596.html,118,172,2022,26,290,-54,0.0,0.4068965517241379,26.0,188.0,0.39570552147239263
Venom of Love Navitus Parfums (unisex) ~ 2022,https://www.fragrantica.com/perfume/Navitus-Parfums/Venom-of-Love-76980.html,67,73,2022,27,140,-6,0.0781758957654723,0.4785714285714286,27.0,187.0,0.4431818181818182
Raw Cherry Aaron Terence Hughes (unisex) ~ 2022,https://www.fragrantica.com/perfume/Aaron-Terence-Hughes/Raw-Cherry-72720.html,75,91,2022,28,166,-16,0.06188925081433225,0.45180722891566266,28.0,186.0,0.42574257425742573
Sweet Lolita Lempicka (female) ~ 2014,https://www.fragrantica.com/perfume/Lolita-Lempicka/Sweet-28177.html,71,83,2014,29,154,-12,0.06840390879478828,0.461038961038961,29.0,185.0,0.43157894736842106
Very Good Girl Glam Carolina Herrera (female) ~ 2022,https://www.fragrantica.com/perfume/Carolina-Herrera/Very-Good-Girl-Glam-72698.html,62,67,2022,30,129,-5,0.07980456026058631,0.4806201550387597,30.0,184.0,0.44242424242424244
Black Perfecto by La Petite Robe Noire Eau de Toilette Florale Guerlain (female) ~ 2018,https://www.fragrantica.com/perfume/Guerlain/Black-Perfecto-by-La-Petite-Robe-Noire-Eau-de-Toilette-Florale-50158.html,67,81,2018,31,148,-14,0.06514657980456026,0.4527027027027027,31.0,183.0,0.42391304347826086
Miss Dior Cherie Dior (female) ~ 2005,https://www.fragrantica.com/perfume/Dior/Miss-Dior-Cherie-213.html,86,121,2005,32,207,-35,0.030944625407166117,0.41545893719806765,32.0,182.0,0.3991769547325103
Khaltat Night Attar Collection (unisex) ~ 2016,https://www.fragrantica.com/perfume/Attar-Collection/Khaltat-Night-38133.html,68,86,2016,33,154,-18,0.05863192182410423,0.44155844155844154,33.0,181.0,0.41578947368421054
Cherry Ink Lorenzo Pazzaglia (unisex) ~ 2022,https://www.fragrantica.com/perfume/Lorenzo-Pazzaglia/Cherry-Ink-78278.html,28,6,2022,34,34,22,0.1237785016286645,0.8235294117647058,34.0,180.0,0.5571428571428572
Duchessa Gritti (unisex) ~ 2020,https://www.fragrantica.com/perfume/Gritti/Duchessa-63729.html,54,59,2020,35,113,-5,0.07980456026058631,0.4778761061946903,35.0,179.0,0.436241610738255
Tonka Cola Mancera (unisex) ~ 2022,https://www.fragrantica.com/perfume/Mancera/Tonka-Cola-76893.html,52,55,2022,36,107,-3,0.08306188925081433,0.48598130841121495,36.0,178.0,0.4405594405594406
Fève Délicieuse (2018) Dior (unisex) ~ 2018,https://www.fragrantica.com/perfume/Dior/Feve-Delicieuse-2018-48392.html,52,56,2018,37,108,-4,0.08143322475570032,0.48148148148148145,37.0,177.0,0.4375
Seductive Red Guess (female) ~ 2021,https://www.fragrantica.com/perfume/Guess/Seductive-Red-69869.html,54,61,2021,38,115,-7,0.0765472312703583,0.46956521739130436,38.0,176.0,0.4304635761589404
Rose Chérie Guerlain (female) ~ 2021,https://www.fragrantica.com/perfume/Guerlain/Rose-Cherie-69054.html,46,45,2021,39,91,1,0.08957654723127036,0.5054945054945055,39.0,175.0,0.44881889763779526
Spicebomb Infrared Viktor&Rolf (male) ~ 2021,https://www.fragrantica.com/perfume/Viktor-Rolf/Spicebomb-Infrared-66514.html,66,86,2021,40,152,-20,0.05537459283387622,0.4342105263157895,40.0,174.0,0.4095744680851064
La Petite Robe Noire Intense Guerlain (female) ~ 2016,https://www.fragrantica.com/perfume/Guerlain/La-Petite-Robe-Noire-Intense-39157.html,55,64,2016,41,119,-9,0.07328990228013028,0.46218487394957986,41.0,173.0,0.4258064516129032
Delices Cartier (female) ~ 2006,https://www.fragrantica.com/perfume/Cartier/Delices-308.html,75,105,2006,42,180,-30,0.03908794788273615,0.4166666666666667,42.0,172.0,0.39814814814814814
Live Irrésistible Délicieuse Givenchy (female) ~ 2017,https://www.fragrantica.com/perfume/Givenchy/Live-Irresistible-Delicieuse-43336.html,57,69,2017,43,126,-12,0.06840390879478828,0.4523809523809524,43.0,171.0,0.41975308641975306
Fleurs De Cerisier L'Occitane en Provence (female) ~ 2007,https://www.fragrantica.com/perfume/L-Occitane-en-Provence/Fleurs-De-Cerisier-2023.html,52,61,2007,44,113,-9,0.07328990228013028,0.46017699115044247,44.0,170.0,0.4228187919463087
I Want Choo Forever Jimmy Choo (female) ~ 2022,https://www.fragrantica.com/perfume/Jimmy-Choo/I-Want-Choo-Forever-75969.html,50,57,2022,45,107,-7,0.0765472312703583,0.4672897196261682,45.0,169.0,0.42657342657342656
Wild Cherry Mancera (unisex) ~ 2016,https://www.fragrantica.com/perfume/Mancera/Wild-Cherry-35226.html,41,39,2016,46,80,2,0.09120521172638436,0.5125,46.0,168.0,0.4482758620689655
Invite Only Amber | 23 Kayali Fragrances (unisex) ~ 2021,https://www.fragrantica.com/perfume/Kayali-Fragrances/Invite-Only-Amber-23-68958.html,60,78,2021,47,138,-18,0.05863192182410423,0.43478260869565216,47.0,167.0,0.40804597701149425
Red Tobacco Mancera (unisex) ~ 2017,https://www.fragrantica.com/perfume/Mancera/Red-Tobacco-46663.html,59,77,2017,48,136,-18,0.05863192182410423,0.4338235294117647,48.0,166.0,0.4069767441860465
Acqua di Giò Profumo Giorgio Armani (male) ~ 2015,https://www.fragrantica.com/perfume/Giorgio-Armani/Acqua-di-Gio-Profumo-29727.html,62,83,2015,49,145,-21,0.05374592833876221,0.42758620689655175,49.0,165.0,0.40331491712707185
La Petite Robe Noire Rose Rose Rose Guerlain (female) ~ 2022,https://www.fragrantica.com/perfume/Guerlain/La-Petite-Robe-Noire-Rose-Rose-Rose-70977.html,54,67,2022,50,121,-13,0.06677524429967427,0.4462809917355372,50.0,164.0,0.4140127388535032
La Petite Robe Noire Couture Guerlain (female) ~ 2014,https://www.fragrantica.com/perfume/Guerlain/La-Petite-Robe-Noire-Couture-22828.html,42,44,2014,51,86,-2,0.08469055374592833,0.4883720930232558,51.0,163.0,0.4344262295081967
Midnight Fantasy Britney Spears (female) ~ 2006,https://www.fragrantica.com/perfume/Britney-Spears/Midnight-Fantasy-802.html,63,87,2006,52,150,-24,0.04885993485342019,0.42,52.0,162.0,0.3978494623655914
Rouge Trafalgar Dior (female) ~ 2020,https://www.fragrantica.com/perfume/Dior/Rouge-Trafalgar-58665.html,34,29,2020,53,63,5,0.09609120521172639,0.5396825396825397,53.0,161.0,0.45454545454545453
Cherry Fever Lunio (unisex) ~ 2022,https://www.fragrantica.com/perfume/Lunio/Cherry-Fever-77657.html,75,112,2022,54,187,-37,0.027687296416938102,0.40106951871657753,54.0,160.0,0.38565022421524664
Wrap Me in Dreams Haute Fragrance Company HFC (female) ~ 2020,https://www.fragrantica.com/perfume/Haute-Fragrance-Company-HFC/Wrap-Me-in-Dreams-62855.html,43,49,2020,55,92,-6,0.0781758957654723,0.4673913043478261,55.0,159.0,0.421875
Café Chantant Nobile 1942 (unisex) ~ 2013,https://www.fragrantica.com/perfume/Nobile-1942/Cafe-Chantant-18073.html,42,48,2013,56,90,-6,0.0781758957654723,0.4666666666666667,56.0,158.0,0.42063492063492064
Una Tira l Altra Hilde Soliani (unisex) ~ 2014,https://www.fragrantica.com/perfume/Hilde-Soliani/Una-Tira-l-Altra-26600.html,40,44,2014,57,84,-4,0.08143322475570032,0.47619047619047616,57.0,157.0,0.425
L'Homme Idéal L'Intense Guerlain (male) ~ 2018,https://www.fragrantica.com/perfume/Guerlain/L-Homme-Ideal-L-Intense-49416.html,32,30,2018,58,62,2,0.09120521172638436,0.5161290322580645,58.0,156.0,0.4387755102040816
Intense Cherry Montale (unisex) ~ 2017,https://www.fragrantica.com/perfume/Montale/Intense-Cherry-43319.html,36,39,2017,59,75,-3,0.08306188925081433,0.48,59.0,155.0,0.42342342342342343
Modern Muse Le Rouge Gloss Estée Lauder (female) ~ 2016,https://www.fragrantica.com/perfume/Estee-Lauder/Modern-Muse-Le-Rouge-Gloss-38990.html,52,72,2016,60,124,-20,0.05537459283387622,0.41935483870967744,60.0,154.0,0.39375
Lolita Lempicka Mon Premier Parfum Lolita Lempicka (female) ~ 2017,https://www.fragrantica.com/perfume/Lolita-Lempicka/Lolita-Lempicka-Mon-Premier-Parfum-45838.html,45,58,2017,61,103,-13,0.06677524429967427,0.4368932038834951,61.0,153.0,0.4028776978417266
Aqua Allegoria Flora Cherrysia Guerlain (unisex) ~ 2019,https://www.fragrantica.com/perfume/Guerlain/Aqua-Allegoria-Flora-Cherrysia-53804.html,25,18,2019,62,43,7,0.0993485342019544,0.5813953488372093,62.0,152.0,0.45569620253164556
La Petite Robe Noire Nectar Guerlain (female) ~ 2021,https://www.fragrantica.com/perfume/Guerlain/La-Petite-Robe-Noire-Nectar-64392.html,34,37,2021,63,71,-3,0.08306188925081433,0.4788732394366197,63.0,151.0,0.4205607476635514
XJ 1861 Naxos Xerjoff (unisex) ~ 2015,https://www.fragrantica.com/perfume/Xerjoff/XJ-1861-Naxos-30529.html,55,81,2015,64,136,-26,0.045602605863192175,0.40441176470588236,64.0,150.0,0.38372093023255816
Hermessence Ambre Narguile Hermès (unisex) ~ 2004,https://www.fragrantica.com/perfume/Hermes/Hermessence-Ambre-Narguile-2669.html,25,21,2004,65,46,4,0.09446254071661238,0.5434782608695652,65.0,149.0,0.43902439024390244
Back to Black By Kilian (unisex) ~ 2009,https://www.fragrantica.com/perfume/By-Kilian/Back-to-Black-6457.html,61,97,2009,66,158,-36,0.02931596091205211,0.3860759493670886,66.0,148.0,0.3711340206185567
Close Up Olfactive Studio (unisex) ~ 2016,https://www.fragrantica.com/perfume/Olfactive-Studio/Close-Up-40789.html,31,37,2016,67,68,-6,0.0781758957654723,0.45588235294117646,67.0,147.0,0.40384615384615385
La Petite Robe Noire Velours Guerlain (female) ~ 2019,https://www.fragrantica.com/perfume/Guerlain/La-Petite-Robe-Noire-Velours-53114.html,32,39,2019,68,71,-7,0.0765472312703583,0.4507042253521127,68.0,146.0,0.40186915887850466
Aromatics Black Cherry Clinique (female) ~ 2016,https://www.fragrantica.com/perfume/Clinique/Aromatics-Black-Cherry-39570.html,16,15,2016,69,31,1,0.08957654723127036,0.5161290322580645,69.0,145.0,0.40298507462686567
Transilvania Calaj (unisex) ~ 2020,https://www.fragrantica.com/perfume/Calaj/Transilvania-61151.html,30,44,2020,70,74,-14,0.06514657980456026,0.40540540540540543,70.0,144.0,0.37272727272727274
Cherry In Japan Escada (female) ~ 2021,https://www.fragrantica.com/perfume/Escada/Cherry-In-Japan-70279.html,31,47,2021,71,78,-16,0.06188925081433225,0.3974358974358974,71.0,143.0,0.3684210526315789
Cherry Blossom Guerlain (female) ~ 2011,https://www.fragrantica.com/perfume/Guerlain/Cherry-Blossom-25263.html,16,18,2011,72,34,-2,0.08469055374592833,0.47058823529411764,72.0,142.0,0.38571428571428573
Oajan Parfums de Marly (unisex) ~ 2013,https://www.fragrantica.com/perfume/Parfums-de-Marly/Oajan-21548.html,19,25,2013,73,44,-6,0.0781758957654723,0.4318181818181818,73.0,141.0,0.375
Michelin Star Boadicea the Victorious (unisex) ~ 2021,https://www.fragrantica.com/perfume/Boadicea-the-Victorious/Michelin-Star-70701.html,14,16,2021,74,30,-2,0.08469055374592833,0.4666666666666667,74.0,140.0,0.3787878787878788
La Fille de Berlin Serge Lutens (unisex) ~ 2013,https://www.fragrantica.com/perfume/Serge-Lutens/La-Fille-de-Berlin-17162.html,9,7,2013,75,16,2,0.09120521172638436,0.5625,75.0,139.0,0.38461538461538464
So Sweet Lolita Lempicka (female) ~ 2016,https://www.fragrantica.com/perfume/Lolita-Lempicka/So-Sweet-39303.html,16,22,2016,76,38,-6,0.0781758957654723,0.42105263157894735,76.0,138.0,0.36486486486486486
Sakura Dior (unisex) ~ 2018,https://www.fragrantica.com/perfume/Dior/Sakura-48379.html,9,9,2018,77,18,0,0.08794788273615635,0.5,77.0,137.0,0.37037037037037035
Dancing Roses Viktor&Rolf (unisex) ~ 2017,https://www.fragrantica.com/perfume/Viktor-Rolf/Dancing-Roses-42763.html,8,8,2017,78,16,0,0.08794788273615635,0.5,78.0,136.0,0.36538461538461536
Bloody Wood Les Liquides Imaginaires (unisex) ~ 2013,https://www.fragrantica.com/perfume/Les-Liquides-Imaginaires/Bloody-Wood-23082.html,8,8,2013,79,16,0,0.08794788273615635,0.5,79.0,135.0,0.36538461538461536
Gloria Cacharel (female) ~ 2002,https://www.fragrantica.com/perfume/Cacharel/Gloria-246.html,22,37,2002,80,59,-15,0.06351791530944625,0.3728813559322034,80.0,134.0,0.3473684210526316
Cherry Musk Ramon Monegal (unisex) ~ 2011,https://www.fragrantica.com/perfume/Ramon-Monegal/Cherry-Musk-15501.html,12,17,2011,81,29,-5,0.07980456026058631,0.41379310344827586,81.0,133.0,0.35384615384615387
Sweet Tobacco Spirits 18.21 Man Made (unisex) ~ 2016,https://www.fragrantica.com/perfume/18-21-Man-Made/Sweet-Tobacco-Spirits-37691.html,8,9,2016,82,17,-1,0.08631921824104234,0.47058823529411764,82.0,132.0,0.3584905660377358
Lolita Lempicka L'Eau en Blanc Lolita Lempicka (female) ~ 2012,https://www.fragrantica.com/perfume/Lolita-Lempicka/Lolita-Lempicka-L-Eau-en-Blanc-14715.html,18,30,2012,83,48,-12,0.06840390879478828,0.375,83.0,131.0,0.34523809523809523
Thumbsucker Stora Skuggan (unisex) ~ 2020,https://www.fragrantica.com/perfume/Stora-Skuggan/Thumbsucker-64306.html,16,26,2020,84,42,-10,0.07166123778501629,0.38095238095238093,84.0,130.0,0.34615384615384615
Flamenco Ramon Monegal (unisex) ~ 2017,https://www.fragrantica.com/perfume/Ramon-Monegal/Flamenco-44233.html,6,6,2017,85,12,0,0.08794788273615635,0.5,85.0,129.0,0.3541666666666667
Dior Addict Eau Delice Dior (female) ~ 2013,https://www.fragrantica.com/perfume/Dior/Dior-Addict-Eau-Delice-18123.html,13,21,2013,86,34,-8,0.07491856677524429,0.38235294117647056,86.0,128.0,0.34285714285714286
Irresistible Givenchy Givenchy (female) ~ 2020,https://www.fragrantica.com/perfume/Givenchy/Irresistible-Givenchy-60891.html,9,13,2020,87,22,-4,0.08143322475570032,0.4090909090909091,87.0,127.0,0.3448275862068966
The Majestic Jardin Alexandre.J (unisex) ~ 2020,https://www.fragrantica.com/perfume/Alexandre-J/The-Majestic-Jardin-59775.html,13,22,2020,88,35,-9,0.07328990228013028,0.37142857142857144,88.0,126.0,0.3380281690140845
Cherry Casino The Dua Brand (unisex) ~ 2019,https://www.fragrantica.com/perfume/The-Dua-Brand/Cherry-Casino-65859.html,9,14,2019,89,23,-5,0.07980456026058631,0.391304347826087,89.0,125.0,0.3389830508474576
Dazzle Paris Hilton (female) ~ 2012,https://www.fragrantica.com/perfume/Paris-Hilton/Dazzle-15140.html,11,18,2012,90,29,-7,0.0765472312703583,0.3793103448275862,90.0,124.0,0.3384615384615385
Drowwing in Cherry Cassino The Dua Brand (unisex) ~ 2020,https://www.fragrantica.com/perfume/The-Dua-Brand/Drowwing-in-Cherry-Cassino-65860.html,6,8,2020,91,14,-2,0.08469055374592833,0.42857142857142855,91.0,123.0,0.34
Fructus Virginis Alexandria Fragrances (unisex) ~ 2018,https://www.fragrantica.com/perfume/Alexandria-Fragrances/Fructus-Virginis-53726.html,5,6,2018,92,11,-1,0.08631921824104234,0.45454545454545453,92.0,122.0,0.3404255319148936
L'Interdit Eau de Parfum Givenchy (female) ~ 2018,https://www.fragrantica.com/perfume/Givenchy/L-Interdit-Eau-de-Parfum-51488.html,10,16,2018,93,26,-6,0.0781758957654723,0.38461538461538464,93.0,121.0,0.3387096774193548
Good Girl Suprême Carolina Herrera (female) ~ 2020,https://www.fragrantica.com/perfume/Carolina-Herrera/Good-Girl-Supreme-61769.html,5,6,2020,94,11,-1,0.08631921824104234,0.45454545454545453,94.0,120.0,0.3404255319148936
Cherry Max Philip (unisex) ~ 2021,https://www.fragrantica.com/perfume/Max-Philip/Cherry-66444.html,5,7,2021,95,12,-2,0.08469055374592833,0.4166666666666667,95.0,119.0,0.3333333333333333
Egeo Cherry Blast O Boticário (female) ~ 2022,https://www.fragrantica.com/perfume/O-Boticario/Egeo-Cherry-Blast-71735.html,5,7,2022,96,12,-2,0.08469055374592833,0.4166666666666667,96.0,118.0,0.3333333333333333
In Black Jesus Del Pozo (female) ~ 2006,https://www.fragrantica.com/perfume/Jesus-Del-Pozo/In-Black-719.html,17,32,2006,97,49,-15,0.06351791530944625,0.3469387755102041,97.0,117.0,0.32941176470588235
Qom Chilom Stéphane Humbert Lucas 777 (unisex) ~ 2014,https://www.fragrantica.com/perfume/Stephane-Humbert-Lucas-777/Qom-Chilom-25347.html,15,28,2014,98,43,-13,0.06677524429967427,0.3488372093023256,98.0,116.0,0.3291139240506329
Cherry Blossom Edition 1999 Guerlain (female) ~ 1999,https://www.fragrantica.com/perfume/Guerlain/Cherry-Blossom-Edition-1999-2218.html,9,16,1999,99,25,-7,0.0765472312703583,0.36,99.0,115.0,0.32786885245901637
Cerisier en Fleurs Yves Rocher (female) ~ 2014,https://www.fragrantica.com/perfume/Yves-Rocher/Cerisier-en-Fleurs-22303.html,8,14,2014,100,22,-6,0.0781758957654723,0.36363636363636365,100.0,114.0,0.3275862068965517
Emporio Armani In Love With You Giorgio Armani (female) ~ 2019,https://www.fragrantica.com/perfume/Giorgio-Armani/Emporio-Armani-In-Love-With-You-52801.html,6,10,2019,101,16,-4,0.08143322475570032,0.375,101.0,113.0,0.3269230769230769
Red Comme des Garcons (unisex) ~ 2012,https://www.fragrantica.com/perfume/Comme-des-Garcons/Red-15239.html,4,6,2012,102,10,-2,0.08469055374592833,0.4,102.0,112.0,0.32608695652173914
Mon Paris Yves Saint Laurent (female) ~ 2016,https://www.fragrantica.com/perfume/Yves-Saint-Laurent/Mon-Paris-38914.html,7,12,2016,103,19,-5,0.07980456026058631,0.3684210526315789,103.0,111.0,0.32727272727272727
Cherry Lush In The Box (unisex) ~ 2020,https://www.fragrantica.com/perfume/In-The-Box/Cherry-Lush-64363.html,3,4,2020,104,7,-1,0.08631921824104234,0.42857142857142855,104.0,110.0,0.32558139534883723
Chocolate Greedy Montale (unisex) ~ 2007,https://www.fragrantica.com/perfume/Montale/Chocolate-Greedy-2186.html,4,6,2007,105,10,-2,0.08469055374592833,0.4,105.0,109.0,0.32608695652173914
Velvet Cherry Miller Harris (unisex) ~ 2020,https://www.fragrantica.com/perfume/Miller-Harris/Velvet-Cherry-63318.html,3,4,2020,106,7,-1,0.08631921824104234,0.42857142857142855,106.0,108.0,0.32558139534883723
BCBG Max Azria Max Azria (female) ~ 2011,https://www.fragrantica.com/perfume/Max-Azria/BCBG-Max-Azria-13043.html,3,4,2011,107,7,-1,0.08631921824104234,0.42857142857142855,107.0,107.0,0.32558139534883723
Cherry Syrup Proad (unisex) ~ 2019,https://www.fragrantica.com/perfume/Proad/Cherry-Syrup-62671.html,13,25,2019,109,38,-12,0.06840390879478828,0.34210526315789475,108.0,106.0,0.32432432432432434
Bombshell Intense Victoria's Secret (female) ~ 2019,https://www.fragrantica.com/perfume/Victoria-s-Secret/Bombshell-Intense-56355.html,23,45,2019,110,68,-22,0.052117263843648204,0.3382352941176471,109.0,105.0,0.3269230769230769
Dolcelisir L'Erbolario (female) ~ 2010,https://www.fragrantica.com/perfume/L-Erbolario/Dolcelisir-11238.html,12,23,2010,111,35,-11,0.07003257328990228,0.34285714285714286,110.0,104.0,0.323943661971831
Delicate Cherry Blossom Oriflame (unisex) ~ 2016,https://www.fragrantica.com/perfume/Oriflame/Delicate-Cherry-Blossom-36526.html,4,7,2016,112,11,-3,0.08306188925081433,0.36363636363636365,111.0,103.0,0.3191489361702128
Cherry Cream Demeter Fragrance (unisex) ~ 2019,https://www.fragrantica.com/perfume/Demeter-Fragrance/Cherry-Cream-70175.html,4,7,2019,113,11,-3,0.08306188925081433,0.36363636363636365,112.0,102.0,0.3191489361702128
Cherries Oriflame (female) ~ 2009,https://www.fragrantica.com/perfume/Oriflame/Cherries-9800.html,5,9,2009,114,14,-4,0.08143322475570032,0.35714285714285715,113.0,101.0,0.32
Heat Rush Beyoncé (female) ~ 2010,https://www.fragrantica.com/perfume/Beyonce/Heat-Rush-10546.html,3,5,2010,115,8,-2,0.08469055374592833,0.375,114.0,100.0,0.3181818181818182
Zahd Slumberhouse (unisex) ~ 2013,https://www.fragrantica.com/perfume/Slumberhouse/Zahd-24543.html,3,5,2013,116,8,-2,0.08469055374592833,0.375,115.0,99.0,0.3181818181818182
Memories The Gate Fragrances Paris (unisex) ~ 2016,https://www.fragrantica.com/perfume/The-Gate-Fragrances-Paris/Memories-37798.html,20,40,2016,117,60,-20,0.05537459283387622,0.3333333333333333,116.0,98.0,0.3229166666666667
Cherry Blossom Floris (female) ~ 2013,https://www.fragrantica.com/perfume/Floris/Cherry-Blossom-17535.html,14,28,2013,118,42,-14,0.06514657980456026,0.3333333333333333,117.0,97.0,0.32051282051282054
Ruby Woo MAC (female) ~ 2016,https://www.fragrantica.com/perfume/MAC/Ruby-Woo-42255.html,14,28,2016,119,42,-14,0.06514657980456026,0.3333333333333333,118.0,96.0,0.32051282051282054
Red d'Amour Laurent Mazzone Parfums (unisex) ~ 2022,https://www.fragrantica.com/perfume/Laurent-Mazzone-Parfums/Red-d-Amour-76313.html,4,8,2022,120,12,-4,0.08143322475570032,0.3333333333333333,119.0,95.0,0.3125
Cherry Syrup Gold Proad (unisex) ~ 2022,https://www.fragrantica.com/perfume/Proad/Cherry-Syrup-Gold-74178.html,4,8,2022,121,12,-4,0.08143322475570032,0.3333333333333333,120.0,94.0,0.3125
Muddled Plum Molton Brown (unisex) ~ 2018,https://www.fragrantica.com/perfume/Molton-Brown/Muddled-Plum-51856.html,4,8,2018,122,12,-4,0.08143322475570032,0.3333333333333333,121.0,93.0,0.3125
Colcci Urban Girls Colcci (female) ~ 2021,https://www.fragrantica.com/perfume/Colcci/Colcci-Urban-Girls-71094.html,2,4,2021,123,6,-2,0.08469055374592833,0.3333333333333333,122.0,92.0,0.30952380952380953
Magda Lubin (female) ~ 2021,https://www.fragrantica.com/perfume/Lubin/Magda-69154.html,16,33,2021,124,49,-17,0.06026058631921824,0.32653061224489793,123.0,91.0,0.3176470588235294
Insurrection II Wild Reyane Tradition (male),https://www.fragrantica.com/perfume/Reyane-Tradition/Insurrection-II-Wild-30721.html,5,11,0,125,16,-6,0.0781758957654723,0.3125,124.0,90.0,0.3076923076923077
Woman Cherry Zara (female) ~ 2021,https://www.fragrantica.com/perfume/Zara/Woman-Cherry-69133.html,5,11,2021,126,16,-6,0.0781758957654723,0.3125,125.0,89.0,0.3076923076923077
Everlasting Cinematic Infusions (unisex) ~ 2022,https://www.fragrantica.com/perfume/Cinematic-Infusions/Everlasting-76327.html,3,7,2022,127,10,-4,0.08143322475570032,0.3,126.0,88.0,0.30434782608695654
Tea for Two L'Artisan Parfumeur (unisex) ~ 2000,https://www.fragrantica.com/perfume/L-Artisan-Parfumeur/Tea-for-Two-5242.html,2,5,2000,128,7,-3,0.08306188925081433,0.2857142857142857,127.0,87.0,0.3023255813953488
Ruby Rush Paris Hilton (female) ~ 2022,https://www.fragrantica.com/perfume/Paris-Hilton/Ruby-Rush-70551.html,25,52,2022,129,77,-27,0.043973941368078175,0.3246753246753247,128.0,86.0,0.3185840707964602
Under My Skin Francesca Bianchi (unisex) ~ 2017,https://www.fragrantica.com/perfume/Francesca-Bianchi/Under-My-Skin-46650.html,14,30,2017,130,44,-16,0.06188925081433225,0.3181818181818182,129.0,85.0,0.3125
Chinatown Bond No 9 (unisex) ~ 2005,https://www.fragrantica.com/perfume/Bond-No-9/Chinatown-1300.html,13,28,2005,131,41,-15,0.06351791530944625,0.3170731707317073,130.0,84.0,0.3116883116883117
At the Time of Cherries (Au Temps des Cerises) Parfums et Senteurs du Pays Basque (unisex),https://www.fragrantica.com/perfume/Parfums-et-Senteurs-du-Pays-Basque/At-the-Time-of-Cherries-Au-Temps-des-Cerises-25927.html,2,6,0,132,8,-4,0.08143322475570032,0.25,131.0,83.0,0.29545454545454547
Modest Deux Afnan (female) ~ 2019,https://www.fragrantica.com/perfume/Afnan/Modest-Deux-59135.html,2,6,2019,133,8,-4,0.08143322475570032,0.25,132.0,82.0,0.29545454545454547
Blood Cherry Cordial Ikiryō (unisex) ~ 2017,https://www.fragrantica.com/perfume/Ikiryo/Blood-Cherry-Cordial-43278.html,1,4,2017,134,5,-3,0.08306188925081433,0.2,133.0,81.0,0.2926829268292683
Sakura Cherry Blossom Jo Malone London (female) ~ 2011,https://www.fragrantica.com/perfume/Jo-Malone-London/Sakura-Cherry-Blossom-11639.html,21,45,2011,135,66,-24,0.04885993485342019,0.3181818181818182,134.0,80.0,0.3137254901960784
Joop! Homme Joop! (male) ~ 1989,https://www.fragrantica.com/perfume/Joop/Joop-Homme-1251.html,25,53,1989,136,78,-28,0.04234527687296417,0.32051282051282054,135.0,79.0,0.3157894736842105
Burberry Her Burberry (female) ~ 2018,https://www.fragrantica.com/perfume/Burberry/Burberry-Her-51694.html,38,79,2018,137,117,-41,0.02117263843648208,0.3247863247863248,136.0,78.0,0.3202614379084967
Red Giorgio Beverly Hills (female) ~ 1989,https://www.fragrantica.com/perfume/Giorgio-Beverly-Hills/Red-5225.html,11,25,1989,138,36,-14,0.06514657980456026,0.3055555555555556,137.0,77.0,0.3055555555555556
212 VIP Rosé Extra Carolina Herrera (female) ~ 2019,https://www.fragrantica.com/perfume/Carolina-Herrera/212-VIP-Rose-Extra-53492.html,6,15,2019,139,21,-9,0.07328990228013028,0.2857142857142857,138.0,76.0,0.2982456140350877
John Galliano John Galliano (female) ~ 2008,https://www.fragrantica.com/perfume/John-Galliano/John-Galliano-4056.html,4,11,2008,140,15,-7,0.0765472312703583,0.26666666666666666,139.0,75.0,0.29411764705882354
Chocolate Covered Cherries Stand Around Creations (unisex) ~ 2015,https://www.fragrantica.com/perfume/Stand-Around-Creations/Chocolate-Covered-Cherries-65454.html,2,7,2015,141,9,-5,0.07980456026058631,0.2222222222222222,140.0,74.0,0.28888888888888886
Extreme Rush Michael Kors (male) ~ 2019,https://www.fragrantica.com/perfume/Michael-Kors/Extreme-Rush-54240.html,2,7,2019,142,9,-5,0.07980456026058631,0.2222222222222222,141.0,73.0,0.28888888888888886
Valentina Blush Valentino (female) ~ 2017,https://www.fragrantica.com/perfume/Valentino/Valentina-Blush-44550.html,23,50,2017,143,73,-27,0.043973941368078175,0.3150684931506849,142.0,72.0,0.3119266055045872
Benjoin en Fleur Claudio Zucca Parfums (unisex) ~ 2022,https://www.fragrantica.com/perfume/Claudio-Zucca-Parfums/Benjoin-en-Fleur-75133.html,9,22,2022,144,31,-13,0.06677524429967427,0.2903225806451613,143.0,71.0,0.29850746268656714
Glamour Diva O Boticário (female) ~ 2019,https://www.fragrantica.com/perfume/O-Boticario/Glamour-Diva-57676.html,6,16,2019,145,22,-10,0.07166123778501629,0.2727272727272727,144.0,70.0,0.29310344827586204
Liquid Cashmere Black Donna Karan (female) ~ 2015,https://www.fragrantica.com/perfume/Donna-Karan/Liquid-Cashmere-Black-31957.html,5,14,2015,146,19,-9,0.07328990228013028,0.2631578947368421,145.0,69.0,0.2909090909090909
Purple Heart V 5 Map Of The Heart (female) ~ 2016,https://www.fragrantica.com/perfume/Map-Of-The-Heart/Purple-Heart-V-5-41107.html,4,12,2016,147,16,-8,0.07491856677524429,0.25,146.0,68.0,0.28846153846153844
Olympea Legend Rabanne (female) ~ 2019,https://www.fragrantica.com/perfume/Rabanne/Olympea-Legend-54324.html,8,20,2019,148,28,-12,0.06840390879478828,0.2857142857142857,147.0,67.0,0.296875
Trajan Nilafar du Nil (male) ~ 2019,https://www.fragrantica.com/perfume/Nilafar-du-Nil/Trajan-60394.html,2,8,2019,149,10,-6,0.0781758957654723,0.2,148.0,66.0,0.2826086956521739
Neroli Nostrum Lunio (unisex) ~ 2022,https://www.fragrantica.com/perfume/Lunio/Neroli-Nostrum-75342.html,2,8,2022,150,10,-6,0.0781758957654723,0.2,149.0,65.0,0.2826086956521739
Very Good Girl Carolina Herrera (female) ~ 2021,https://www.fragrantica.com/perfume/Carolina-Herrera/Very-Good-Girl-65560.html,4,12,2021,151,16,-8,0.07491856677524429,0.25,150.0,64.0,0.28846153846153844
Lady Danger MAC (female) ~ 2016,https://www.fragrantica.com/perfume/MAC/Lady-Danger-42256.html,10,25,2016,152,35,-15,0.06351791530944625,0.2857142857142857,151.0,63.0,0.29577464788732394
Aeternitas Franck Muller (unisex) ~ 2017,https://www.fragrantica.com/perfume/Franck-Muller/Aeternitas-49747.html,9,23,2017,153,32,-14,0.06514657980456026,0.28125,152.0,62.0,0.29411764705882354
Mandorle Sora Dora (unisex) ~ 2021,https://www.fragrantica.com/perfume/Sora-Dora/Mandorle-75827.html,9,23,2021,154,32,-14,0.06514657980456026,0.28125,153.0,61.0,0.29411764705882354
Love Potion Midnight Wish Oriflame (female) ~ 2020,https://www.fragrantica.com/perfume/Oriflame/Love-Potion-Midnight-Wish-63779.html,6,17,2020,155,23,-11,0.07003257328990228,0.2608695652173913,154.0,60.0,0.288135593220339
Sundowner Tauer Perfumes (unisex) ~ 2021,https://www.fragrantica.com/perfume/Tauer-Perfumes/Sundowner-70275.html,6,17,2021,156,23,-11,0.07003257328990228,0.2608695652173913,155.0,59.0,0.288135593220339
Butterfly Mind State of Mind (unisex) ~ 2017,https://www.fragrantica.com/perfume/State-of-Mind/Butterfly-Mind-44341.html,3,11,2017,157,14,-8,0.07491856677524429,0.21428571428571427,156.0,58.0,0.28
Side Effect Initio Parfums Prives (unisex) ~ 2016,https://www.fragrantica.com/perfume/Initio-Parfums-Prives/Side-Effect-42260.html,6,17,2016,158,23,-11,0.07003257328990228,0.2608695652173913,157.0,57.0,0.288135593220339
Tobacco Vanille Tom Ford (unisex) ~ 2007,https://www.fragrantica.com/perfume/Tom-Ford/Tobacco-Vanille-1825.html,4,13,2007,159,17,-9,0.07328990228013028,0.23529411764705882,158.0,56.0,0.2830188679245283
Ever Bloom Sakura Art Edition Shiseido (female) ~ 2018,https://www.fragrantica.com/perfume/Shiseido/Ever-Bloom-Sakura-Art-Edition-48399.html,11,28,2018,160,39,-17,0.06026058631921824,0.28205128205128205,159.0,55.0,0.29333333333333333
Luctor Et Emergo The People Of The Labyrinths (female) ~ 1997,https://www.fragrantica.com/perfume/The-People-Of-The-Labyrinths/Luctor-Et-Emergo-5121.html,9,24,1997,161,33,-15,0.06351791530944625,0.2727272727272727,160.0,54.0,0.2898550724637681
Late Harvest Fort & Manle (unisex) ~ 2022,https://www.fragrantica.com/perfume/Fort-Manle/Late-Harvest-74155.html,11,28,2022,162,39,-17,0.06026058631921824,0.28205128205128205,161.0,53.0,0.29333333333333333
Jump Up And Kiss Me Hedonistic (2021) Clive Christian (unisex) ~ 2021,https://www.fragrantica.com/perfume/Clive-Christian/Jump-Up-And-Kiss-Me-Hedonistic-2021-70767.html,7,20,2021,163,27,-13,0.06677524429967427,0.25925925925925924,162.0,52.0,0.2857142857142857
I Am The Queen Ard Al Zaafaran (female),https://www.fragrantica.com/perfume/Ard-Al-Zaafaran/I-Am-The-Queen-64280.html,5,16,0,164,21,-11,0.07003257328990228,0.23809523809523808,163.0,51.0,0.2807017543859649
Epic Man Amouage (male) ~ 2009,https://www.fragrantica.com/perfume/Amouage/Epic-Man-6537.html,3,12,2009,165,15,-9,0.07328990228013028,0.2,164.0,50.0,0.27450980392156865
Carlisle Parfums de Marly (unisex) ~ 2015,https://www.fragrantica.com/perfume/Parfums-de-Marly/Carlisle-33514.html,4,14,2015,166,18,-10,0.07166123778501629,0.2222222222222222,165.0,49.0,0.2777777777777778
Terre d'Evasion Inessance (male),https://www.fragrantica.com/perfume/Inessance/Terre-d-Evasion-32791.html,1,8,0,167,9,-7,0.0765472312703583,0.1111111111111111,166.0,48.0,0.26666666666666666
Black Soul Imperial Ted Lapidus (male) ~ 2011,https://www.fragrantica.com/perfume/Ted-Lapidus/Black-Soul-Imperial-12949.html,2,10,2011,168,12,-8,0.07491856677524429,0.16666666666666666,167.0,47.0,0.2708333333333333
Scarlet Rouge Moresque (unisex) ~ 2022,https://www.fragrantica.com/perfume/Moresque/Scarlet-Rouge-74770.html,1,8,2022,169,9,-7,0.0765472312703583,0.1111111111111111,168.0,46.0,0.26666666666666666
Paradis Rouge O.U.i Original Unique Individual (female) ~ 2021,https://www.fragrantica.com/perfume/O-U-i-Original-Unique-Individual/Paradis-Rouge-72276.html,1,8,2021,170,9,-7,0.0765472312703583,0.1111111111111111,169.0,45.0,0.26666666666666666
Attraction Desire For Him Avon (male) ~ 2021,https://www.fragrantica.com/perfume/Avon/Attraction-Desire-For-Him-65298.html,12,31,2021,171,43,-19,0.057003257328990226,0.27906976744186046,170.0,44.0,0.2911392405063291
Devious Contradictions in ILK (unisex) ~ 2020,https://www.fragrantica.com/perfume/Contradictions-in-ILK/Devious-61378.html,12,31,2020,172,43,-19,0.057003257328990226,0.27906976744186046,171.0,43.0,0.2911392405063291
Popped Cherry The Dua Brand (unisex) ~ 2018,https://www.fragrantica.com/perfume/The-Dua-Brand/Popped-Cherry-65862.html,9,25,2018,173,34,-16,0.06188925081433225,0.2647058823529412,172.0,42.0,0.2857142857142857
Come il Sole Bois 1920 (unisex) ~ 2015,https://www.fragrantica.com/perfume/Bois-1920/Come-il-Sole-31814.html,5,17,2015,174,22,-12,0.06840390879478828,0.22727272727272727,173.0,41.0,0.27586206896551724
Amber Romance Victoria's Secret (female) ~ 2020,https://www.fragrantica.com/perfume/Victoria-s-Secret/Amber-Romance-67704.html,2,11,2020,175,13,-9,0.07328990228013028,0.15384615384615385,174.0,40.0,0.2653061224489796
So Fetch! Strangers Parfumerie (unisex) ~ 2019,https://www.fragrantica.com/perfume/Strangers-Parfumerie/So-Fetch-58534.html,11,30,2019,176,41,-19,0.057003257328990226,0.2682926829268293,175.0,39.0,0.2857142857142857
Imperial Wesker (unisex) ~ 2020,https://www.fragrantica.com/perfume/Wesker/Imperial-64716.html,7,22,2020,177,29,-15,0.06351791530944625,0.2413793103448276,176.0,38.0,0.27692307692307694
Charming Cherry Aromas de Salazar (unisex) ~ 2022,https://www.fragrantica.com/perfume/Aromas-de-Salazar/Charming-Cherry-74505.html,6,20,2022,178,26,-14,0.06514657980456026,0.23076923076923078,177.0,37.0,0.27419354838709675
Spicebomb Viktor&Rolf (male) ~ 2012,https://www.fragrantica.com/perfume/Viktor-Rolf/Spicebomb-13857.html,16,40,2012,179,56,-24,0.04885993485342019,0.2857142857142857,178.0,36.0,0.29347826086956524
Rituals of Sakura Rituals (female),https://www.fragrantica.com/perfume/Rituals/Rituals-of-Sakura-52635.html,8,24,0,180,32,-16,0.06188925081433225,0.25,179.0,35.0,0.27941176470588236
Black Lotus Floral Street (unisex) ~ 2017,https://www.fragrantica.com/perfume/Floral-Street/Black-Lotus-47208.html,2,12,2017,181,14,-10,0.07166123778501629,0.14285714285714285,180.0,34.0,0.26
Cheery by Jeremy Scott Kokeshi (female) ~ 2016,https://www.fragrantica.com/perfume/Kokeshi/Cheery-by-Jeremy-Scott-38165.html,2,12,2016,182,14,-10,0.07166123778501629,0.14285714285714285,181.0,33.0,0.26
Rafale Molinard (unisex) ~ 1977,https://www.fragrantica.com/perfume/Molinard/Rafale-21872.html,1,10,1977,183,11,-9,0.07328990228013028,0.09090909090909091,182.0,32.0,0.2553191489361702
Rafael Noses (unisex) ~ 2020,https://www.fragrantica.com/perfume/Noses/Rafael-69237.html,1,10,2020,184,11,-9,0.07328990228013028,0.09090909090909091,183.0,31.0,0.2553191489361702
Black Sugar Aquolina (female) ~ 2013,https://www.fragrantica.com/perfume/Aquolina/Black-Sugar-20863.html,1,10,2013,185,11,-9,0.07328990228013028,0.09090909090909091,184.0,30.0,0.2553191489361702
Cherry of Cashmere Les Fleurs du Golfe (unisex) ~ 2019,https://www.fragrantica.com/perfume/Les-Fleurs-du-Golfe/Cherry-of-Cashmere-66592.html,8,25,2019,186,33,-17,0.06026058631921824,0.24242424242424243,185.0,29.0,0.2753623188405797
Amarena Cherry Fragrenza (unisex) ~ 2019,https://www.fragrantica.com/perfume/Fragrenza/Amarena-Cherry-57977.html,5,19,2019,187,24,-14,0.06514657980456026,0.20833333333333334,186.0,28.0,0.26666666666666666
Empress Soki London (female) ~ 2022,https://www.fragrantica.com/perfume/Soki-London/Empress-76986.html,9,27,2022,188,36,-18,0.05863192182410423,0.25,187.0,27.0,0.2777777777777778
Cerisier Papillon L'Occitane en Provence (female) ~ 2013,https://www.fragrantica.com/perfume/L-Occitane-en-Provence/Cerisier-Papillon-17345.html,5,19,2013,189,24,-14,0.06514657980456026,0.20833333333333334,188.0,26.0,0.26666666666666666
Oblique Rewind Givenchy (unisex) ~ 2000,https://www.fragrantica.com/perfume/Givenchy/Oblique-Rewind-2979.html,3,15,2000,190,18,-12,0.06840390879478828,0.16666666666666666,189.0,25.0,0.25925925925925924
Princess Revolution Vera Wang (female) ~ 2016,https://www.fragrantica.com/perfume/Vera-Wang/Princess-Revolution-38622.html,8,26,2016,191,34,-18,0.05863192182410423,0.23529411764705882,190.0,24.0,0.2714285714285714
Private Code Haute Fragrance Company HFC (unisex) ~ 2022,https://www.fragrantica.com/perfume/Haute-Fragrance-Company-HFC/Private-Code-76535.html,6,22,2022,192,28,-16,0.06188925081433225,0.21428571428571427,191.0,23.0,0.265625
Ris Tanama Renier Perfumes (unisex) ~ 2022,https://www.fragrantica.com/perfume/Renier-Perfumes/Ris-Tanama-76267.html,8,26,2022,193,34,-18,0.05863192182410423,0.23529411764705882,192.0,22.0,0.2714285714285714
Sweet Cherry Pie Sweet Essentials (unisex) ~ 2018,https://www.fragrantica.com/perfume/Sweet-Essentials/Sweet-Cherry-Pie-59943.html,4,19,2018,194,23,-15,0.06351791530944625,0.17391304347826086,193.0,21.0,0.2542372881355932
Kimonanthe Diptyque (unisex) ~ 2017,https://www.fragrantica.com/perfume/Diptyque/Kimonanthe-42943.html,3,17,2017,195,20,-14,0.06514657980456026,0.15,194.0,20.0,0.25
Lucky Number 6 Liz Claiborne (female) ~ 2006,https://www.fragrantica.com/perfume/Liz-Claiborne/Lucky-Number-6-1786.html,4,20,2006,196,24,-16,0.06188925081433225,0.16666666666666666,195.0,19.0,0.25
Gio Antonelli Intenso Jequiti (female) ~ 2021,https://www.fragrantica.com/perfume/Jequiti/Gio-Antonelli-Intenso-70103.html,3,18,2021,197,21,-15,0.06351791530944625,0.14285714285714285,196.0,18.0,0.24561403508771928
La Collection M7 Oud Absolu Yves Saint Laurent (male) ~ 2011,https://www.fragrantica.com/perfume/Yves-Saint-Laurent/La-Collection-M7-Oud-Absolu-13735.html,17,47,2011,198,64,-30,0.03908794788273615,0.265625,197.0,17.0,0.28
Major Me Rabanne (unisex) ~ 2021,https://www.fragrantica.com/perfume/Rabanne/Major-Me-68723.html,6,25,2021,199,31,-19,0.057003257328990226,0.1935483870967742,198.0,16.0,0.2537313432835821
Amore Mio Eau de Parfum Jeanne Arthes (female),https://www.fragrantica.com/perfume/Jeanne-Arthes/Amore-Mio-Eau-de-Parfum-10215.html,8,30,0,200,38,-22,0.052117263843648204,0.21052631578947367,199.0,15.0,0.25675675675675674
Naked Moon Ubaya (female) ~ 2021,https://www.fragrantica.com/perfume/Ubaya/Naked-Moon-67021.html,7,28,2021,201,35,-21,0.05374592833876221,0.2,200.0,14.0,0.2535211267605634
Attraction Desire For Her Avon (female) ~ 2021,https://www.fragrantica.com/perfume/Avon/Attraction-Desire-For-Her-65299.html,5,24,2021,202,29,-19,0.057003257328990226,0.1724137931034483,201.0,13.0,0.24615384615384617
Malizia Bon Bons Cherry Up Mirato (female),https://www.fragrantica.com/perfume/Mirato/Malizia-Bon-Bons-Cherry-Up-8755.html,3,20,0,203,23,-17,0.06026058631921824,0.13043478260869565,202.0,12.0,0.23728813559322035
Humor 5 Natura (female) ~ 2009,https://www.fragrantica.com/perfume/Natura/Humor-5-26115.html,5,24,2009,204,29,-19,0.057003257328990226,0.1724137931034483,203.0,11.0,0.24615384615384617
Bogart Pour Homme Jacques Bogart (male) ~ 2004,https://www.fragrantica.com/perfume/Jacques-Bogart/Bogart-Pour-Homme-7793.html,3,20,2004,205,23,-17,0.06026058631921824,0.13043478260869565,204.0,10.0,0.23728813559322035
Color Feeling Red Brocard (unisex) ~ 2020,https://www.fragrantica.com/perfume/Brocard/Color-Feeling-Red-63733.html,6,27,2020,206,33,-21,0.05374592833876221,0.18181818181818182,205.0,9.0,0.2463768115942029
Gary SpongeBob Squarepants (unisex),https://www.fragrantica.com/perfume/SpongeBob-Squarepants/Gary-28291.html,11,37,0,207,48,-26,0.045602605863192175,0.22916666666666666,206.0,8.0,0.2619047619047619
Cherry Saffron Tabbeau Place (unisex) ~ 2021,https://www.fragrantica.com/perfume/Tabbeau-Place/Cherry-Saffron-71705.html,5,25,2021,208,30,-20,0.05537459283387622,0.16666666666666666,207.0,7.0,0.24242424242424243
Rose Griotte Les Parfums de Rosine (unisex) ~ 2021,https://www.fragrantica.com/perfume/Les-Parfums-de-Rosine/Rose-Griotte-65300.html,5,26,2021,209,31,-21,0.05374592833876221,0.16129032258064516,208.0,6.0,0.23880597014925373
Mad About You Pierre Guillaume Paris (unisex) ~ 2017,https://www.fragrantica.com/perfume/Pierre-Guillaume-Paris/Mad-About-You-57840.html,4,24,2017,210,28,-20,0.05537459283387622,0.14285714285714285,209.0,5.0,0.234375
Python Trussardi (female) ~ 1999,https://www.fragrantica.com/perfume/Trussardi/Python-1625.html,8,33,1999,211,41,-25,0.04723127035830618,0.1951219512195122,210.0,4.0,0.24675324675324675
Habibi ByBozo (unisex) ~ 2021,https://www.fragrantica.com/perfume/ByBozo/Habibi-70683.html,2,21,2021,212,23,-19,0.057003257328990226,0.08695652173913043,211.0,3.0,0.22033898305084745
Hiroshima Mon Amour Nez a Nez (female) ~ 2010,https://www.fragrantica.com/perfume/Nez-a-Nez/Hiroshima-Mon-Amour-11569.html,2,21,2010,213,23,-19,0.057003257328990226,0.08695652173913043,212.0,2.0,0.22033898305084745
Fröjd Svensk Parfym (unisex) ~ 2019,https://www.fragrantica.com/perfume/Svensk-Parfym/Froejd-55198.html,2,22,2019,214,24,-20,0.05537459283387622,0.08333333333333333,213.0,1.0,0.21666666666666667
